split,file,reason
train,weld-defect-work-was-carried-out-using-semi-automatic-arc-welding-mig-welding-weld-defect-work-was-carried-out-using-semi-242005547_jpg.rf.4cf2b625b11e542336c58a3019269ff1.txt,label_without_image
train,weld-defect-work-was-carried-out-using-semi-automatic-arc-welding-mig-welding-weld-defect-work-was-carried-out-using-semi-242005547_jpg.rf.5315ee14ad59ad2074bd2cd869bfdbda.txt,label_without_image
train,ERRRRR_jpg.rf.51d1237d0469ef2cdd88dbb96610c456.txt,removed_line_2:too_few_values
train,IMG_3621_block_2_0_png_jpg.rf.14d1023912e4660e9bfc7c0ad5b2f031.txt,removed_line_1:too_few_values
train,IMG_3621_block_2_0_png_jpg.rf.1c2a19c80736a57018db98f32d526948.txt,removed_line_1:too_few_values
train,IMG_3621_block_2_0_png_jpg.rf.3af9e0630440ab42b0937e479097b49a.txt,removed_line_1:too_few_values
train,IMG_3621_block_2_0_png_jpg.rf.4dab6e4da7018f68ff9f127a8655b798.txt,removed_line_1:too_few_values
train,IMG_3621_block_2_0_png_jpg.rf.727a8a8727203b7d63c9f3f99b257d15.txt,removed_line_1:too_few_values
train,IMG_3621_block_2_0_png_jpg.rf.8692653b29d5aaac73deac30cf519a59.txt,removed_line_1:too_few_values
train,IMG_3621_block_2_0_png_jpg.rf.c79b20d5e9586221d1c919e3f5f51741.txt,removed_line_1:too_few_values
train,IMG_3621_block_2_0_png_jpg.rf.c8584bd3a6855a8cf112c4beeb5946b6.txt,removed_line_1:too_few_values
train,IMG_3629_block_0_1_png_jpg.rf.19f6cd8b2e91f6853e5b73f2c591d148.txt,removed_line_1:too_few_values
train,IMG_3629_block_0_1_png_jpg.rf.b27a1c5985248f3f3b52f6b4dcebbf64.txt,removed_line_1:too_few_values
train,IMG_3629_block_0_1_png_jpg.rf.b443b767f71cf94b2a2c89bf71e37624.txt,removed_line_1:too_few_values
train,IMG_3629_block_0_1_png_jpg.rf.b77bfadd37ffbc6c51abfa0553a73b5c.txt,removed_line_1:too_few_values
train,IMG_3634_block_1_0_png_jpg.rf.0448fc30c8183b884690877e32179f21.txt,removed_line_3:too_few_values
train,IMG_3634_block_1_0_png_jpg.rf.0448fc30c8183b884690877e32179f21.txt,removed_line_4:too_few_values
train,IMG_3634_block_1_0_png_jpg.rf.0448fc30c8183b884690877e32179f21.txt,removed_line_5:too_few_values
train,IMG_3634_block_1_0_png_jpg.rf.0448fc30c8183b884690877e32179f21.txt,removed_line_6:too_few_values
train,IMG_3634_block_1_0_png_jpg.rf.33e82a80ea23059671cb129aaf22bb64.txt,removed_line_3:too_few_values
train,IMG_3634_block_1_0_png_jpg.rf.33e82a80ea23059671cb129aaf22bb64.txt,removed_line_4:too_few_values
train,IMG_3634_block_1_0_png_jpg.rf.33e82a80ea23059671cb129aaf22bb64.txt,removed_line_5:too_few_values
train,IMG_3634_block_1_0_png_jpg.rf.33e82a80ea23059671cb129aaf22bb64.txt,removed_line_6:too_few_values
train,IMG_3634_block_1_0_png_jpg.rf.551f824a01c57ba01619295a37e9ff8f.txt,removed_line_3:too_few_values
train,IMG_3634_block_1_0_png_jpg.rf.551f824a01c57ba01619295a37e9ff8f.txt,removed_line_4:too_few_values
train,IMG_3634_block_1_0_png_jpg.rf.551f824a01c57ba01619295a37e9ff8f.txt,removed_line_5:too_few_values
train,IMG_3634_block_1_0_png_jpg.rf.551f824a01c57ba01619295a37e9ff8f.txt,removed_line_6:too_few_values
train,IMG_3634_block_1_0_png_jpg.rf.99bd7bd5da167b7be1bcefa80191459a.txt,removed_line_3:too_few_values
train,IMG_3634_block_1_0_png_jpg.rf.99bd7bd5da167b7be1bcefa80191459a.txt,removed_line_4:too_few_values
train,IMG_3634_block_1_0_png_jpg.rf.99bd7bd5da167b7be1bcefa80191459a.txt,removed_line_5:too_few_values
train,IMG_3634_block_1_0_png_jpg.rf.99bd7bd5da167b7be1bcefa80191459a.txt,removed_line_6:too_few_values
train,IMG_3634_block_1_0_png_jpg.rf.e717f17c08c1cd051d922f941dafb982.txt,removed_line_3:too_few_values
train,IMG_3634_block_1_0_png_jpg.rf.e717f17c08c1cd051d922f941dafb982.txt,removed_line_4:too_few_values
train,IMG_3634_block_1_0_png_jpg.rf.e717f17c08c1cd051d922f941dafb982.txt,removed_line_5:too_few_values
train,IMG_3634_block_1_0_png_jpg.rf.e717f17c08c1cd051d922f941dafb982.txt,removed_line_6:too_few_values
train,IMG_3634_block_1_0_png_jpg.rf.fe8d3021e16e1a88abd20235400f0e47.txt,removed_line_3:too_few_values
train,IMG_3634_block_1_0_png_jpg.rf.fe8d3021e16e1a88abd20235400f0e47.txt,removed_line_4:too_few_values
train,IMG_3634_block_1_0_png_jpg.rf.fe8d3021e16e1a88abd20235400f0e47.txt,removed_line_5:too_few_values
train,IMG_3634_block_1_0_png_jpg.rf.fe8d3021e16e1a88abd20235400f0e47.txt,removed_line_6:too_few_values
train,IMG_3634_block_1_1_png_jpg.rf.26982c6222ecfbf7c101bd2b948dea66.txt,removed_line_4:too_few_values
train,IMG_3634_block_1_1_png_jpg.rf.26982c6222ecfbf7c101bd2b948dea66.txt,removed_line_5:too_few_values
train,IMG_3634_block_1_1_png_jpg.rf.26982c6222ecfbf7c101bd2b948dea66.txt,removed_line_6:too_few_values
train,IMG_3634_block_1_1_png_jpg.rf.26982c6222ecfbf7c101bd2b948dea66.txt,removed_line_7:too_few_values
train,IMG_3634_block_1_1_png_jpg.rf.26982c6222ecfbf7c101bd2b948dea66.txt,removed_line_8:too_few_values
train,IMG_3634_block_1_1_png_jpg.rf.56d85d79ab81d024181540bea0d7179b.txt,removed_line_4:too_few_values
train,IMG_3634_block_1_1_png_jpg.rf.56d85d79ab81d024181540bea0d7179b.txt,removed_line_5:too_few_values
train,IMG_3634_block_1_1_png_jpg.rf.56d85d79ab81d024181540bea0d7179b.txt,removed_line_6:too_few_values
train,IMG_3634_block_1_1_png_jpg.rf.56d85d79ab81d024181540bea0d7179b.txt,removed_line_7:too_few_values
train,IMG_3634_block_1_1_png_jpg.rf.56d85d79ab81d024181540bea0d7179b.txt,removed_line_8:too_few_values
train,IMG_3634_block_1_1_png_jpg.rf.c59c071c000527b0b9b186e8e3ee4176.txt,removed_line_4:too_few_values
train,IMG_3634_block_1_1_png_jpg.rf.c59c071c000527b0b9b186e8e3ee4176.txt,removed_line_5:too_few_values
train,IMG_3634_block_1_1_png_jpg.rf.c59c071c000527b0b9b186e8e3ee4176.txt,removed_line_6:too_few_values
train,IMG_3634_block_1_1_png_jpg.rf.c59c071c000527b0b9b186e8e3ee4176.txt,removed_line_7:too_few_values
train,IMG_3634_block_1_1_png_jpg.rf.c59c071c000527b0b9b186e8e3ee4176.txt,removed_line_8:too_few_values
train,IMG_3634_block_1_1_png_jpg.rf.ec98ab9b7849c3240163c63ca540440f.txt,removed_line_4:too_few_values
train,IMG_3634_block_1_1_png_jpg.rf.ec98ab9b7849c3240163c63ca540440f.txt,removed_line_5:too_few_values
train,IMG_3634_block_1_1_png_jpg.rf.ec98ab9b7849c3240163c63ca540440f.txt,removed_line_6:too_few_values
train,IMG_3634_block_1_1_png_jpg.rf.ec98ab9b7849c3240163c63ca540440f.txt,removed_line_7:too_few_values
train,IMG_3634_block_1_1_png_jpg.rf.ec98ab9b7849c3240163c63ca540440f.txt,removed_line_8:too_few_values
train,IMG_3634_block_1_1_png_jpg.rf.f242c6774102ebdb9c7741207e41ef9f.txt,removed_line_4:too_few_values
train,IMG_3634_block_1_1_png_jpg.rf.f242c6774102ebdb9c7741207e41ef9f.txt,removed_line_5:too_few_values
train,IMG_3634_block_1_1_png_jpg.rf.f242c6774102ebdb9c7741207e41ef9f.txt,removed_line_6:too_few_values
train,IMG_3634_block_1_1_png_jpg.rf.f242c6774102ebdb9c7741207e41ef9f.txt,removed_line_7:too_few_values
train,IMG_3634_block_1_1_png_jpg.rf.f242c6774102ebdb9c7741207e41ef9f.txt,removed_line_8:too_few_values
train,IMG_3685_block_1_2_png_jpg.rf.18dcb87e287dd7503c1f457cb91834fa.txt,removed_line_1:too_few_values
train,IMG_3685_block_1_2_png_jpg.rf.18dcb87e287dd7503c1f457cb91834fa.txt,removed_line_2:too_few_values
train,IMG_3685_block_1_2_png_jpg.rf.18dcb87e287dd7503c1f457cb91834fa.txt,removed_line_3:too_few_values
train,IMG_3685_block_1_2_png_jpg.rf.18dcb87e287dd7503c1f457cb91834fa.txt,removed_line_4:too_few_values
train,IMG_3685_block_1_2_png_jpg.rf.18dcb87e287dd7503c1f457cb91834fa.txt,removed_line_5:too_few_values
train,IMG_3685_block_1_2_png_jpg.rf.3c7953f676e4dd41857b98e1a32d137c.txt,removed_line_1:too_few_values
train,IMG_3685_block_1_2_png_jpg.rf.3c7953f676e4dd41857b98e1a32d137c.txt,removed_line_2:too_few_values
train,IMG_3685_block_1_2_png_jpg.rf.3c7953f676e4dd41857b98e1a32d137c.txt,removed_line_3:too_few_values
train,IMG_3685_block_1_2_png_jpg.rf.3c7953f676e4dd41857b98e1a32d137c.txt,removed_line_4:too_few_values
train,IMG_3685_block_1_2_png_jpg.rf.3c7953f676e4dd41857b98e1a32d137c.txt,removed_line_5:too_few_values
train,IMG_3685_block_1_2_png_jpg.rf.47f107f19dd4f4d0bf22a2d3555e5975.txt,removed_line_1:too_few_values
train,IMG_3685_block_1_2_png_jpg.rf.47f107f19dd4f4d0bf22a2d3555e5975.txt,removed_line_2:too_few_values
train,IMG_3685_block_1_2_png_jpg.rf.47f107f19dd4f4d0bf22a2d3555e5975.txt,removed_line_3:too_few_values
train,IMG_3685_block_1_2_png_jpg.rf.47f107f19dd4f4d0bf22a2d3555e5975.txt,removed_line_4:too_few_values
train,IMG_3685_block_1_2_png_jpg.rf.47f107f19dd4f4d0bf22a2d3555e5975.txt,removed_line_5:too_few_values
train,IMG_3685_block_1_2_png_jpg.rf.8860188d02e5940b984a63739b9ccb47.txt,removed_line_1:too_few_values
train,IMG_3685_block_1_2_png_jpg.rf.8860188d02e5940b984a63739b9ccb47.txt,removed_line_2:too_few_values
train,IMG_3685_block_1_2_png_jpg.rf.8860188d02e5940b984a63739b9ccb47.txt,removed_line_3:too_few_values
train,IMG_3685_block_1_2_png_jpg.rf.8860188d02e5940b984a63739b9ccb47.txt,removed_line_4:too_few_values
train,IMG_3685_block_1_2_png_jpg.rf.8860188d02e5940b984a63739b9ccb47.txt,removed_line_5:too_few_values
train,IMG_3687_block_2_0_png_jpg.rf.74dabadd4f6229a0f177995d392ae295.txt,removed_line_1:too_few_values
train,IMG_3687_block_2_0_png_jpg.rf.74dabadd4f6229a0f177995d392ae295.txt,removed_line_2:too_few_values
train,IMG_3687_block_2_0_png_jpg.rf.8b5805cbcfe0ff2bf9f7fe15c50fb38d.txt,removed_line_1:too_few_values
train,IMG_3687_block_2_0_png_jpg.rf.8b5805cbcfe0ff2bf9f7fe15c50fb38d.txt,removed_line_2:too_few_values
train,IMG_3687_block_2_0_png_jpg.rf.cb3f83c88b3c32fc412f0b6b1d855904.txt,removed_line_1:too_few_values
train,IMG_3687_block_2_0_png_jpg.rf.cb3f83c88b3c32fc412f0b6b1d855904.txt,removed_line_2:too_few_values
train,IMG_3687_block_2_0_png_jpg.rf.fcadcdebac48174ed66309bda8cc59cc.txt,removed_line_1:too_few_values
train,IMG_3687_block_2_0_png_jpg.rf.fcadcdebac48174ed66309bda8cc59cc.txt,removed_line_2:too_few_values
train,IMG_3688_block_2_0_png_jpg.rf.0873689143eea200cae6cbc9f7dda46b.txt,removed_line_7:too_few_values
train,IMG_3688_block_2_0_png_jpg.rf.0873689143eea200cae6cbc9f7dda46b.txt,removed_line_8:too_few_values
train,IMG_3688_block_2_0_png_jpg.rf.0873689143eea200cae6cbc9f7dda46b.txt,removed_line_9:too_few_values
train,IMG_3688_block_2_0_png_jpg.rf.0873689143eea200cae6cbc9f7dda46b.txt,removed_line_10:too_few_values
train,IMG_3688_block_2_0_png_jpg.rf.0873689143eea200cae6cbc9f7dda46b.txt,removed_line_11:too_few_values
train,IMG_3688_block_2_0_png_jpg.rf.0873689143eea200cae6cbc9f7dda46b.txt,removed_line_12:too_few_values
train,IMG_3688_block_2_0_png_jpg.rf.0873689143eea200cae6cbc9f7dda46b.txt,removed_line_13:too_few_values
train,IMG_3688_block_2_0_png_jpg.rf.0873689143eea200cae6cbc9f7dda46b.txt,removed_line_14:too_few_values
train,IMG_3688_block_2_0_png_jpg.rf.0873689143eea200cae6cbc9f7dda46b.txt,removed_line_15:too_few_values
train,IMG_3688_block_2_0_png_jpg.rf.0873689143eea200cae6cbc9f7dda46b.txt,removed_line_16:too_few_values
train,IMG_3688_block_2_0_png_jpg.rf.0873689143eea200cae6cbc9f7dda46b.txt,removed_line_18:too_few_values
train,IMG_3688_block_2_0_png_jpg.rf.0873689143eea200cae6cbc9f7dda46b.txt,removed_line_19:too_few_values
train,IMG_3688_block_2_0_png_jpg.rf.0873689143eea200cae6cbc9f7dda46b.txt,removed_line_20:too_few_values
train,IMG_3688_block_2_0_png_jpg.rf.0873689143eea200cae6cbc9f7dda46b.txt,removed_line_21:too_few_values
train,IMG_3688_block_2_0_png_jpg.rf.0873689143eea200cae6cbc9f7dda46b.txt,removed_line_22:too_few_values
train,IMG_3688_block_2_0_png_jpg.rf.3f034ce3e0c51fa31bfc94f7c4f77a05.txt,removed_line_1:too_few_values
train,IMG_3688_block_2_0_png_jpg.rf.3f034ce3e0c51fa31bfc94f7c4f77a05.txt,removed_line_2:too_few_values
train,IMG_3688_block_2_0_png_jpg.rf.3f034ce3e0c51fa31bfc94f7c4f77a05.txt,removed_line_7:too_few_values
train,IMG_3688_block_2_0_png_jpg.rf.3f034ce3e0c51fa31bfc94f7c4f77a05.txt,removed_line_8:too_few_values
train,IMG_3688_block_2_0_png_jpg.rf.3f034ce3e0c51fa31bfc94f7c4f77a05.txt,removed_line_9:too_few_values
train,IMG_3688_block_2_0_png_jpg.rf.3f034ce3e0c51fa31bfc94f7c4f77a05.txt,removed_line_10:too_few_values
train,IMG_3688_block_2_0_png_jpg.rf.3f034ce3e0c51fa31bfc94f7c4f77a05.txt,removed_line_11:too_few_values
train,IMG_3688_block_2_0_png_jpg.rf.3f034ce3e0c51fa31bfc94f7c4f77a05.txt,removed_line_12:too_few_values
train,IMG_3688_block_2_0_png_jpg.rf.3f034ce3e0c51fa31bfc94f7c4f77a05.txt,removed_line_13:too_few_values
train,IMG_3688_block_2_0_png_jpg.rf.3f034ce3e0c51fa31bfc94f7c4f77a05.txt,removed_line_14:too_few_values
train,IMG_3688_block_2_0_png_jpg.rf.40e704f840d19cc2d88d2f82ae0e096c.txt,removed_line_7:too_few_values
train,IMG_3688_block_2_0_png_jpg.rf.40e704f840d19cc2d88d2f82ae0e096c.txt,removed_line_8:too_few_values
train,IMG_3688_block_2_0_png_jpg.rf.40e704f840d19cc2d88d2f82ae0e096c.txt,removed_line_9:too_few_values
train,IMG_3688_block_2_0_png_jpg.rf.40e704f840d19cc2d88d2f82ae0e096c.txt,removed_line_10:too_few_values
train,IMG_3688_block_2_0_png_jpg.rf.40e704f840d19cc2d88d2f82ae0e096c.txt,removed_line_11:too_few_values
train,IMG_3688_block_2_0_png_jpg.rf.40e704f840d19cc2d88d2f82ae0e096c.txt,removed_line_12:too_few_values
train,IMG_3688_block_2_0_png_jpg.rf.40e704f840d19cc2d88d2f82ae0e096c.txt,removed_line_13:too_few_values
train,IMG_3688_block_2_0_png_jpg.rf.40e704f840d19cc2d88d2f82ae0e096c.txt,removed_line_14:too_few_values
train,IMG_3688_block_2_0_png_jpg.rf.40e704f840d19cc2d88d2f82ae0e096c.txt,removed_line_15:too_few_values
train,IMG_3688_block_2_0_png_jpg.rf.40e704f840d19cc2d88d2f82ae0e096c.txt,removed_line_16:too_few_values
train,IMG_3688_block_2_0_png_jpg.rf.40e704f840d19cc2d88d2f82ae0e096c.txt,removed_line_18:too_few_values
train,IMG_3688_block_2_0_png_jpg.rf.40e704f840d19cc2d88d2f82ae0e096c.txt,removed_line_19:too_few_values
train,IMG_3688_block_2_0_png_jpg.rf.40e704f840d19cc2d88d2f82ae0e096c.txt,removed_line_20:too_few_values
train,IMG_3688_block_2_0_png_jpg.rf.40e704f840d19cc2d88d2f82ae0e096c.txt,removed_line_21:too_few_values
train,IMG_3688_block_2_0_png_jpg.rf.40e704f840d19cc2d88d2f82ae0e096c.txt,removed_line_22:too_few_values
train,IMG_3688_block_2_0_png_jpg.rf.7aa22b38d8fcd72f3288014990de2c0e.txt,removed_line_1:too_few_values
train,IMG_3688_block_2_0_png_jpg.rf.7aa22b38d8fcd72f3288014990de2c0e.txt,removed_line_2:too_few_values
train,IMG_3688_block_2_0_png_jpg.rf.7aa22b38d8fcd72f3288014990de2c0e.txt,removed_line_7:too_few_values
train,IMG_3688_block_2_0_png_jpg.rf.7aa22b38d8fcd72f3288014990de2c0e.txt,removed_line_8:too_few_values
train,IMG_3688_block_2_0_png_jpg.rf.7aa22b38d8fcd72f3288014990de2c0e.txt,removed_line_9:too_few_values
train,IMG_3688_block_2_0_png_jpg.rf.7aa22b38d8fcd72f3288014990de2c0e.txt,removed_line_10:too_few_values
train,IMG_3688_block_2_0_png_jpg.rf.7aa22b38d8fcd72f3288014990de2c0e.txt,removed_line_11:too_few_values
train,IMG_3688_block_2_0_png_jpg.rf.7aa22b38d8fcd72f3288014990de2c0e.txt,removed_line_12:too_few_values
train,IMG_3688_block_2_0_png_jpg.rf.7aa22b38d8fcd72f3288014990de2c0e.txt,removed_line_13:too_few_values
train,IMG_3688_block_2_0_png_jpg.rf.7aa22b38d8fcd72f3288014990de2c0e.txt,removed_line_14:too_few_values
train,IMG_3688_block_2_0_png_jpg.rf.a1ac097c7c83c607c664f7ed714ffb0d.txt,removed_line_7:too_few_values
train,IMG_3688_block_2_0_png_jpg.rf.a1ac097c7c83c607c664f7ed714ffb0d.txt,removed_line_8:too_few_values
train,IMG_3688_block_2_0_png_jpg.rf.a1ac097c7c83c607c664f7ed714ffb0d.txt,removed_line_9:too_few_values
train,IMG_3688_block_2_0_png_jpg.rf.a1ac097c7c83c607c664f7ed714ffb0d.txt,removed_line_10:too_few_values
train,IMG_3688_block_2_0_png_jpg.rf.a1ac097c7c83c607c664f7ed714ffb0d.txt,removed_line_11:too_few_values
train,IMG_3688_block_2_0_png_jpg.rf.a1ac097c7c83c607c664f7ed714ffb0d.txt,removed_line_12:too_few_values
train,IMG_3688_block_2_0_png_jpg.rf.a1ac097c7c83c607c664f7ed714ffb0d.txt,removed_line_13:too_few_values
train,IMG_3688_block_2_0_png_jpg.rf.a1ac097c7c83c607c664f7ed714ffb0d.txt,removed_line_14:too_few_values
train,IMG_3688_block_2_0_png_jpg.rf.a1ac097c7c83c607c664f7ed714ffb0d.txt,removed_line_15:too_few_values
train,IMG_3688_block_2_0_png_jpg.rf.a1ac097c7c83c607c664f7ed714ffb0d.txt,removed_line_16:too_few_values
train,IMG_3688_block_2_0_png_jpg.rf.a1ac097c7c83c607c664f7ed714ffb0d.txt,removed_line_18:too_few_values
train,IMG_3688_block_2_0_png_jpg.rf.a1ac097c7c83c607c664f7ed714ffb0d.txt,removed_line_19:too_few_values
train,IMG_3688_block_2_0_png_jpg.rf.a1ac097c7c83c607c664f7ed714ffb0d.txt,removed_line_20:too_few_values
train,IMG_3688_block_2_0_png_jpg.rf.a1ac097c7c83c607c664f7ed714ffb0d.txt,removed_line_21:too_few_values
train,IMG_3688_block_2_0_png_jpg.rf.a1ac097c7c83c607c664f7ed714ffb0d.txt,removed_line_22:too_few_values
train,IMG_3688_block_2_0_png_jpg.rf.aba0a0c0d5e9b86b7dcf9c49929067dc.txt,removed_line_1:too_few_values
train,IMG_3688_block_2_0_png_jpg.rf.aba0a0c0d5e9b86b7dcf9c49929067dc.txt,removed_line_2:too_few_values
train,IMG_3688_block_2_0_png_jpg.rf.aba0a0c0d5e9b86b7dcf9c49929067dc.txt,removed_line_7:too_few_values
train,IMG_3688_block_2_0_png_jpg.rf.aba0a0c0d5e9b86b7dcf9c49929067dc.txt,removed_line_8:too_few_values
train,IMG_3688_block_2_0_png_jpg.rf.aba0a0c0d5e9b86b7dcf9c49929067dc.txt,removed_line_9:too_few_values
train,IMG_3688_block_2_0_png_jpg.rf.aba0a0c0d5e9b86b7dcf9c49929067dc.txt,removed_line_10:too_few_values
train,IMG_3688_block_2_0_png_jpg.rf.aba0a0c0d5e9b86b7dcf9c49929067dc.txt,removed_line_11:too_few_values
train,IMG_3688_block_2_0_png_jpg.rf.aba0a0c0d5e9b86b7dcf9c49929067dc.txt,removed_line_12:too_few_values
train,IMG_3688_block_2_0_png_jpg.rf.aba0a0c0d5e9b86b7dcf9c49929067dc.txt,removed_line_13:too_few_values
train,IMG_3688_block_2_0_png_jpg.rf.aba0a0c0d5e9b86b7dcf9c49929067dc.txt,removed_line_14:too_few_values
train,IMG_3694_block_0_0_png_jpg.rf.22c37260b9cc7dd3cc7b73b153969f90.txt,removed_line_1:too_few_values
train,IMG_3694_block_0_0_png_jpg.rf.22c37260b9cc7dd3cc7b73b153969f90.txt,removed_line_2:too_few_values
train,IMG_3694_block_0_0_png_jpg.rf.27413f7aafae98f60c2f41585ae1d808.txt,removed_line_1:too_few_values
train,IMG_3694_block_0_0_png_jpg.rf.27413f7aafae98f60c2f41585ae1d808.txt,removed_line_2:too_few_values
train,IMG_3694_block_0_0_png_jpg.rf.2fe8dd2cd10075a9bf3171c8aaad87a7.txt,removed_line_1:too_few_values
train,IMG_3694_block_0_0_png_jpg.rf.2fe8dd2cd10075a9bf3171c8aaad87a7.txt,removed_line_2:too_few_values
train,IMG_3694_block_0_0_png_jpg.rf.3b1236682f43ef3e24ad24359dc79122.txt,removed_line_1:too_few_values
train,IMG_3694_block_0_0_png_jpg.rf.3b1236682f43ef3e24ad24359dc79122.txt,removed_line_2:too_few_values
train,IMG_3694_block_0_0_png_jpg.rf.55faa4d9864bb6caac065fe4673fa992.txt,removed_line_1:too_few_values
train,IMG_3694_block_0_0_png_jpg.rf.55faa4d9864bb6caac065fe4673fa992.txt,removed_line_2:too_few_values
train,IMG_3694_block_0_0_png_jpg.rf.5e19161fa3b73275158e23f83ffc2d51.txt,removed_line_1:too_few_values
train,IMG_3694_block_0_0_png_jpg.rf.5e19161fa3b73275158e23f83ffc2d51.txt,removed_line_2:too_few_values
train,IMG_3694_block_0_0_png_jpg.rf.6a7da08cc53255c3e49db139e6ea7240.txt,removed_line_1:too_few_values
train,IMG_3694_block_0_0_png_jpg.rf.6a7da08cc53255c3e49db139e6ea7240.txt,removed_line_2:too_few_values
train,IMG_3694_block_0_0_png_jpg.rf.ac8f033cf574470dbd5957a11e7a8fcf.txt,removed_line_1:too_few_values
train,IMG_3694_block_0_0_png_jpg.rf.ac8f033cf574470dbd5957a11e7a8fcf.txt,removed_line_2:too_few_values
train,IMG_3694_block_0_0_png_jpg.rf.d6d664eca17d7b443bbf1210983adbce.txt,removed_line_1:too_few_values
train,IMG_3694_block_0_0_png_jpg.rf.d6d664eca17d7b443bbf1210983adbce.txt,removed_line_2:too_few_values
train,IMG_3694_block_0_0_png_jpg.rf.ec012f37371e4a9b83596ddb629e2077.txt,removed_line_1:too_few_values
train,IMG_3694_block_0_0_png_jpg.rf.ec012f37371e4a9b83596ddb629e2077.txt,removed_line_2:too_few_values
train,IMG_3694_block_0_0_png_jpg.rf.f98bc66c16f92fc249229eadb8241927.txt,removed_line_1:too_few_values
train,IMG_3694_block_0_0_png_jpg.rf.f98bc66c16f92fc249229eadb8241927.txt,removed_line_2:too_few_values
train,IMG_3699_block_0_2_png_jpg.rf.133f12f33e295cd264e59d7158d8853d.txt,removed_line_1:too_few_values
train,IMG_3699_block_0_2_png_jpg.rf.1591d08e56abb6c34bdbefa0e737425c.txt,removed_line_1:too_few_values
train,IMG_3699_block_0_2_png_jpg.rf.1a504713671ca097f249b61c23eaca11.txt,removed_line_1:too_few_values
train,IMG_3699_block_0_2_png_jpg.rf.22023f10a46f9b145a54fb1abee16df1.txt,removed_line_1:too_few_values
train,IMG_3699_block_0_2_png_jpg.rf.2f890cd87bda1d0987aee4f7c6100163.txt,removed_line_1:too_few_values
train,IMG_3699_block_0_2_png_jpg.rf.62df977bcc034b5282bd0df3648bf37a.txt,removed_line_1:too_few_values
train,IMG_3699_block_0_2_png_jpg.rf.b36d3219b4a5394f9ec022b5695023d6.txt,removed_line_1:too_few_values
train,IMG_3699_block_0_2_png_jpg.rf.b876575d1858d0fc593bae86e4317296.txt,removed_line_1:too_few_values
train,IMG_3699_block_0_2_png_jpg.rf.f29e60fea12c39821a35df43d7cec9e7.txt,removed_line_1:too_few_values
train,IMG_3699_block_0_2_png_jpg.rf.f6db4093813c64455c78508853c8d18f.txt,removed_line_1:too_few_values
train,IMG_3699_block_0_2_png_jpg.rf.fb91419eabfa2be21e85aa836dd49794.txt,removed_line_1:too_few_values
train,IMG_3699_block_0_2_png_jpg.rf.fd88bdb5c5771bf2842ec08a3dfca654.txt,removed_line_1:too_few_values
train,IMG_3699_block_2_0_png_jpg.rf.1df5143c3ee5e8ec72068e37b4476b67.txt,removed_line_1:too_few_values
train,IMG_3699_block_2_0_png_jpg.rf.8787a10bab456653638040b629c8db70.txt,removed_line_1:too_few_values
train,IMG_3699_block_2_0_png_jpg.rf.9b6bfc8712c6bd0973b737d8ed75387c.txt,removed_line_1:too_few_values
train,IMG_3699_block_2_0_png_jpg.rf.9ef0379a7be8fdc6b16d4de3309dfede.txt,removed_line_1:too_few_values
train,IMG_3699_block_2_0_png_jpg.rf.ef95b0710ae12adeb978557bf45c7351.txt,removed_line_1:too_few_values
train,IMG_3699_block_2_0_png_jpg.rf.fc82e19c412b1b5d6dc688c96f00d18c.txt,removed_line_1:too_few_values
train,IMG_3700_block_0_0_png_jpg.rf.1bfe97c2afe5c35603580736172c2b68.txt,removed_line_1:too_few_values
train,IMG_3700_block_0_0_png_jpg.rf.1bfe97c2afe5c35603580736172c2b68.txt,removed_line_2:too_few_values
train,IMG_3701_block_1_0_png_jpg.rf.4f91a4269b838585b8418fb132f1b7fe.txt,removed_line_1:too_few_values
train,IMG_3701_block_1_0_png_jpg.rf.4f91a4269b838585b8418fb132f1b7fe.txt,removed_line_2:too_few_values
train,IMG_3701_block_1_0_png_jpg.rf.4f91a4269b838585b8418fb132f1b7fe.txt,removed_line_3:too_few_values
train,IMG_3701_block_1_0_png_jpg.rf.4f91a4269b838585b8418fb132f1b7fe.txt,removed_line_4:too_few_values
train,IMG_3701_block_1_0_png_jpg.rf.7230c1984b83ecf5f525283df191462a.txt,removed_line_1:too_few_values
train,IMG_3701_block_1_0_png_jpg.rf.7230c1984b83ecf5f525283df191462a.txt,removed_line_2:too_few_values
train,IMG_3701_block_1_0_png_jpg.rf.7230c1984b83ecf5f525283df191462a.txt,removed_line_3:too_few_values
train,IMG_3701_block_1_0_png_jpg.rf.7230c1984b83ecf5f525283df191462a.txt,removed_line_4:too_few_values
train,IMG_3701_block_1_0_png_jpg.rf.ad4049c794c85a7577b25ffa2fda4874.txt,removed_line_1:too_few_values
train,IMG_3701_block_1_0_png_jpg.rf.ad4049c794c85a7577b25ffa2fda4874.txt,removed_line_2:too_few_values
train,IMG_3701_block_1_0_png_jpg.rf.ad4049c794c85a7577b25ffa2fda4874.txt,removed_line_3:too_few_values
train,IMG_3701_block_1_0_png_jpg.rf.ad4049c794c85a7577b25ffa2fda4874.txt,removed_line_4:too_few_values
train,IMG_3701_block_1_0_png_jpg.rf.ada9115897597ded588c8ae790a970a7.txt,removed_line_1:too_few_values
train,IMG_3701_block_1_0_png_jpg.rf.ada9115897597ded588c8ae790a970a7.txt,removed_line_2:too_few_values
train,IMG_3701_block_1_0_png_jpg.rf.ada9115897597ded588c8ae790a970a7.txt,removed_line_3:too_few_values
train,IMG_3701_block_1_0_png_jpg.rf.ada9115897597ded588c8ae790a970a7.txt,removed_line_4:too_few_values
train,IMG_3701_block_1_0_png_jpg.rf.da1a1934c76dd14cdb5693d1eb9cb5a0.txt,removed_line_1:too_few_values
train,IMG_3701_block_1_0_png_jpg.rf.da1a1934c76dd14cdb5693d1eb9cb5a0.txt,removed_line_2:too_few_values
train,IMG_3701_block_1_0_png_jpg.rf.da1a1934c76dd14cdb5693d1eb9cb5a0.txt,removed_line_3:too_few_values
train,IMG_3701_block_1_0_png_jpg.rf.da1a1934c76dd14cdb5693d1eb9cb5a0.txt,removed_line_4:too_few_values
train,IMG_3701_block_1_0_png_jpg.rf.f1857a8639553700b09f35c062c5752e.txt,removed_line_1:too_few_values
train,IMG_3701_block_1_0_png_jpg.rf.f1857a8639553700b09f35c062c5752e.txt,removed_line_2:too_few_values
train,IMG_3701_block_1_0_png_jpg.rf.f1857a8639553700b09f35c062c5752e.txt,removed_line_3:too_few_values
train,IMG_3701_block_1_0_png_jpg.rf.f1857a8639553700b09f35c062c5752e.txt,removed_line_4:too_few_values
train,IMG_3701_block_1_0_png_jpg.rf.f793d90bbdfabf756da2ede6628b75fe.txt,removed_line_1:too_few_values
train,IMG_3701_block_1_0_png_jpg.rf.f793d90bbdfabf756da2ede6628b75fe.txt,removed_line_2:too_few_values
train,IMG_3701_block_1_0_png_jpg.rf.f793d90bbdfabf756da2ede6628b75fe.txt,removed_line_3:too_few_values
train,IMG_3701_block_1_0_png_jpg.rf.f793d90bbdfabf756da2ede6628b75fe.txt,removed_line_4:too_few_values
train,IMG_3709_block_1_2_png_jpg.rf.0e74ffd657faceb98fdb0ad5cdcf9b6c.txt,removed_line_1:too_few_values
train,IMG_3709_block_1_2_png_jpg.rf.2c3dff18916182133592a0a447400722.txt,removed_line_1:too_few_values
train,IMG_3709_block_1_2_png_jpg.rf.7d9b747f336e9db8734d3c2673303969.txt,removed_line_1:too_few_values
train,IMG_3709_block_1_2_png_jpg.rf.e809e25e8244db50a147bec766a6bc2d.txt,removed_line_1:too_few_values
train,IMG_3729_block_0_1_png_jpg.rf.11ed15360287e66ac77990f71456edf3.txt,removed_line_1:too_few_values
train,IMG_3729_block_0_1_png_jpg.rf.202b7064f89447169875cbb0b86bd4d0.txt,removed_line_1:too_few_values
train,IMG_3729_block_0_1_png_jpg.rf.38613d2d0c4eac345d9e411f67b8305d.txt,removed_line_1:too_few_values
train,IMG_3729_block_0_1_png_jpg.rf.52e68da3944eb53213716dbd5d0bb4cf.txt,removed_line_1:too_few_values
train,IMG_3729_block_0_1_png_jpg.rf.6d88f46c3685f2bafb5d3082d3f459b5.txt,removed_line_1:too_few_values
train,IMG_3729_block_0_1_png_jpg.rf.94f67ab4c8380fad298769a1e06c3e1f.txt,removed_line_1:too_few_values
train,IMG_3729_block_1_0_png_jpg.rf.0cdab0dabe57390aa4514e669a2ff313.txt,removed_line_1:too_few_values
train,IMG_3729_block_1_0_png_jpg.rf.0cdab0dabe57390aa4514e669a2ff313.txt,removed_line_2:too_few_values
train,IMG_3729_block_1_0_png_jpg.rf.5b6c00b8014f6d26b925cbe3059af016.txt,removed_line_1:too_few_values
train,IMG_3729_block_1_0_png_jpg.rf.5b6c00b8014f6d26b925cbe3059af016.txt,removed_line_2:too_few_values
train,IMG_3729_block_1_0_png_jpg.rf.d3cc0f739d66d81b43017ce4257ffce5.txt,removed_line_1:too_few_values
train,IMG_3729_block_1_0_png_jpg.rf.d3cc0f739d66d81b43017ce4257ffce5.txt,removed_line_2:too_few_values
train,IMG_3729_block_1_0_png_jpg.rf.f37f6736c920ae0384dda63a1f584ba5.txt,removed_line_1:too_few_values
train,IMG_3729_block_1_0_png_jpg.rf.f37f6736c920ae0384dda63a1f584ba5.txt,removed_line_2:too_few_values
train,IMG_3734_block_0_0_png_jpg.rf.0351863406d4bf3a92b7ca6813ee0d5a.txt,removed_line_4:too_few_values
train,IMG_3734_block_0_0_png_jpg.rf.0351863406d4bf3a92b7ca6813ee0d5a.txt,removed_line_5:too_few_values
train,IMG_3734_block_0_0_png_jpg.rf.07eedff71de7d260f35886c64780ecfa.txt,removed_line_4:too_few_values
train,IMG_3734_block_0_0_png_jpg.rf.07eedff71de7d260f35886c64780ecfa.txt,removed_line_5:too_few_values
train,IMG_3734_block_0_0_png_jpg.rf.1dbcb0893bf8b86bab038e440d809737.txt,removed_line_4:too_few_values
train,IMG_3734_block_0_0_png_jpg.rf.1dbcb0893bf8b86bab038e440d809737.txt,removed_line_5:too_few_values
train,IMG_3734_block_0_0_png_jpg.rf.2581c89c7406ef849e585a796f92d5b9.txt,removed_line_4:too_few_values
train,IMG_3734_block_0_0_png_jpg.rf.2581c89c7406ef849e585a796f92d5b9.txt,removed_line_5:too_few_values
train,IMG_3734_block_0_0_png_jpg.rf.6efc404c31d7826869fdfbd6ce39a051.txt,removed_line_4:too_few_values
train,IMG_3734_block_0_0_png_jpg.rf.6efc404c31d7826869fdfbd6ce39a051.txt,removed_line_5:too_few_values
train,IMG_3734_block_0_0_png_jpg.rf.acfc6cff0efd67279ab2290d0fcd3862.txt,removed_line_4:too_few_values
train,IMG_3734_block_0_0_png_jpg.rf.acfc6cff0efd67279ab2290d0fcd3862.txt,removed_line_5:too_few_values
train,IMG_3734_block_0_0_png_jpg.rf.ae126b015e4d3ae1f8282130364039ba.txt,removed_line_4:too_few_values
train,IMG_3734_block_0_0_png_jpg.rf.ae126b015e4d3ae1f8282130364039ba.txt,removed_line_5:too_few_values
train,IMG_3734_block_0_0_png_jpg.rf.b6d7783beee987dd0b87e6077067e723.txt,removed_line_4:too_few_values
train,IMG_3734_block_0_0_png_jpg.rf.b6d7783beee987dd0b87e6077067e723.txt,removed_line_5:too_few_values
train,IMG_3734_block_0_0_png_jpg.rf.b84a0a8782f34bf6cf761315b530b927.txt,removed_line_4:too_few_values
train,IMG_3734_block_0_0_png_jpg.rf.b84a0a8782f34bf6cf761315b530b927.txt,removed_line_5:too_few_values
train,IMG_3734_block_0_0_png_jpg.rf.ea7595eb12c59a1a105a68a018a61848.txt,removed_line_4:too_few_values
train,IMG_3734_block_0_0_png_jpg.rf.ea7595eb12c59a1a105a68a018a61848.txt,removed_line_5:too_few_values
train,Screenshot-2022-12-05-224021_jpeg_jpg.rf.94563593e62fbe5031b5ad7815a534e1.txt,removed_line_1:too_few_values
train,Slag-inclusion-welding-images_17_jpeg_jpg.rf.62fb2e0c7d9f7459977a45102db9f5f7.txt,removed_line_1:too_few_values
train,Slag-inclusion-welding-images_17_jpeg_jpg.rf.62fb2e0c7d9f7459977a45102db9f5f7.txt,removed_line_2:too_few_values
train,good_weld_vid710_jpeg_jpg.rf.63bbb10c2d44616cda286447e86ca41c.txt,removed_line_1:too_few_values
train,good_weld_vid712_jpeg_jpg.rf.b156623df833fda8dd8808f8bd7fcd5c.txt,removed_line_1:too_few_values
train,images-1-_jpg.rf.f55d17cd934722b5f445d045f0e0e131.txt,removed_line_2:too_few_values
train,images-1-_jpg.rf.f55d17cd934722b5f445d045f0e0e131.txt,removed_line_3:too_few_values
train,images-1-_jpg.rf.f55d17cd934722b5f445d045f0e0e131.txt,removed_line_4:too_few_values
train,images-1-_jpg.rf.f55d17cd934722b5f445d045f0e0e131.txt,removed_line_5:too_few_values
train,images-1-_jpg.rf.f55d17cd934722b5f445d045f0e0e131.txt,removed_line_6:too_few_values
train,images-1-_jpg.rf.f55d17cd934722b5f445d045f0e0e131.txt,removed_line_7:too_few_values
train,imahj-hges_jpeg_jpg.rf.4dae612f2ba64e4e88557505846ed3d6.txt,removed_line_1:too_few_values
train,overlap-welding-images_8_jpeg_jpg.rf.270c01df127b979b0f703b202e286820.txt,removed_line_1:too_few_values
train,overlap-welding-images_9_jpeg_jpg.rf.14406e8f18e61472726a21ac213e9f06.txt,removed_line_2:too_few_values
train,overlap-welding-images_9_jpeg_jpg.rf.14406e8f18e61472726a21ac213e9f06.txt,removed_line_3:too_few_values
train,overlap-welding-images_9_jpeg_jpg.rf.14406e8f18e61472726a21ac213e9f06.txt,removed_line_4:too_few_values
train,overlap-welding-images_9_jpeg_jpg.rf.14406e8f18e61472726a21ac213e9f06.txt,removed_line_5:too_few_values
train,overlap-welding-images_9_jpeg_jpg.rf.14406e8f18e61472726a21ac213e9f06.txt,removed_line_6:too_few_values
train,overlap-welding-images_9_jpeg_jpg.rf.14406e8f18e61472726a21ac213e9f06.txt,removed_line_7:too_few_values
train,overlap-welding-images_9_jpeg_jpg.rf.14406e8f18e61472726a21ac213e9f06.txt,removed_line_8:too_few_values
train,overlap-welding-images_9_jpeg_jpg.rf.14406e8f18e61472726a21ac213e9f06.txt,removed_line_9:too_few_values
train,overlap-welding-images_9_jpeg_jpg.rf.14406e8f18e61472726a21ac213e9f06.txt,removed_line_10:too_few_values
train,overlap-welding-images_9_jpeg_jpg.rf.14406e8f18e61472726a21ac213e9f06.txt,removed_line_11:too_few_values
train,overlap-welding-images_9_jpeg_jpg.rf.14406e8f18e61472726a21ac213e9f06.txt,removed_line_12:too_few_values
train,overlap-welding-images_9_jpeg_jpg.rf.14406e8f18e61472726a21ac213e9f06.txt,removed_line_13:too_few_values
train,overlap-welding-images_9_jpeg_jpg.rf.14406e8f18e61472726a21ac213e9f06.txt,removed_line_14:too_few_values
train,overlap-welding-images_9_jpeg_jpg.rf.14406e8f18e61472726a21ac213e9f06.txt,removed_line_15:too_few_values
train,overlap-welding-images_9_jpeg_jpg.rf.14406e8f18e61472726a21ac213e9f06.txt,removed_line_16:too_few_values
train,overlap-welding-images_9_jpeg_jpg.rf.14406e8f18e61472726a21ac213e9f06.txt,removed_line_17:too_few_values
train,overlap-welding-images_9_jpeg_jpg.rf.14406e8f18e61472726a21ac213e9f06.txt,removed_line_18:too_few_values
train,poor-Welding-Images_12_jpeg_jpg.rf.535f4236e1b5cb77d5074a90676fbabe.txt,removed_line_1:too_few_values
train,poor-Welding-Images_23_jpeg_jpg.rf.55fe53e9a28d7549ad86bef65f59646d.txt,removed_line_1:too_few_values
train,poor-Welding-Images_23_jpeg_jpg.rf.55fe53e9a28d7549ad86bef65f59646d.txt,removed_line_2:too_few_values
train,poor-Welding-Images_28_jpeg_jpg.rf.88e4f7e7f6a882414db7b48dbabd2456.txt,removed_line_1:too_few_values
train,porosity-worm-hole-weld-defect-welding-process-flux-cored-arc-fcaw-200984335_jpeg_jpg.rf.4a5a8cc63310b3f492abd13abbd9a098.txt,removed_line_4:too_few_values
train,porosity-worm-hole-weld-defect-welding-process-flux-cored-arc-fcaw-200984335_jpeg_jpg.rf.4a5a8cc63310b3f492abd13abbd9a098.txt,removed_line_5:too_few_values
train,porosity-worm-hole-weld-defect-welding-process-flux-cored-arc-fcaw-200984335_jpeg_jpg.rf.4a5a8cc63310b3f492abd13abbd9a098.txt,removed_line_6:too_few_values
train,porosity-worm-hole-weld-defect-welding-process-flux-cored-arc-fcaw-200984335_jpeg_jpg.rf.4a5a8cc63310b3f492abd13abbd9a098.txt,removed_line_7:too_few_values
train,porosity-worm-hole-weld-defect-welding-process-flux-cored-arc-fcaw-200984335_jpeg_jpg.rf.4a5a8cc63310b3f492abd13abbd9a098.txt,removed_line_8:too_few_values
train,porosity-worm-hole-weld-defect-welding-process-flux-cored-arc-fcaw-200984335_jpeg_jpg.rf.4a5a8cc63310b3f492abd13abbd9a098.txt,removed_line_9:too_few_values
train,porosity-worm-hole-weld-defect-welding-process-flux-cored-arc-fcaw-200984335_jpeg_jpg.rf.4a5a8cc63310b3f492abd13abbd9a098.txt,removed_line_10:too_few_values
train,porosity-worm-hole-weld-defect-welding-process-flux-cored-arc-fcaw-200984335_jpeg_jpg.rf.4a5a8cc63310b3f492abd13abbd9a098.txt,removed_line_11:too_few_values
valid,element-part-welded-structure-arc-welded-seam-technological-holes-element-part-welded-structure-arc-214336100_jpg.rf.aad069cbcee3c6c9090155e41013dfa7.txt,label_without_image
valid,element-part-welded-structure-arc-welded-seam-technological-holes-element-part-welded-structure-arc-214336100_jpg.rf.c3af53b338ff2e8ccfcf603ccec265ba.txt,label_without_image
valid,weld-defect-work-was-carried-out-using-semi-automatic-arc-welding-mig-welding-weld-defect-work-was-carried-out-using-semi-242007435_jpeg_jpg.rf.ea2a3ac92184c04cb5f8f6d438b6fe4d.txt,label_without_image
valid,IMG_3627_block_1_1_png_jpg.rf.15048947566f546d39bf178e67599356.txt,removed_line_5:too_few_values
valid,IMG_3627_block_1_1_png_jpg.rf.15048947566f546d39bf178e67599356.txt,removed_line_6:too_few_values
valid,IMG_3627_block_1_1_png_jpg.rf.15048947566f546d39bf178e67599356.txt,removed_line_7:too_few_values
valid,IMG_3627_block_1_1_png_jpg.rf.15048947566f546d39bf178e67599356.txt,removed_line_8:too_few_values
valid,IMG_3709_block_0_2_png_jpg.rf.38ef66b52f4ba7b619150abb36082c4f.txt,removed_line_3:too_few_values
valid,IMG_3741_block_2_0_png_jpg.rf.c681f61dc116551deae6e482c403de29.txt,removed_line_1:too_few_values
valid,bad_weld_vid209_jpeg_jpg.rf.f69128435c2b638f6f538b79b28e6fcd.txt,removed_line_1:too_few_values
test,IMG_3702_block_2_1_png_jpg.rf.609398585fe04fbaba1a7423a468e83e.txt,removed_line_1:too_few_values
test,IMG_3702_block_2_1_png_jpg.rf.609398585fe04fbaba1a7423a468e83e.txt,removed_line_2:too_few_values
test,IMG_3702_block_2_1_png_jpg.rf.609398585fe04fbaba1a7423a468e83e.txt,removed_line_3:too_few_values
test,IMG_3729_block_1_2_png_jpg.rf.94cb7a32488e4451fdb6dfd07ec1d287.txt,removed_line_1:too_few_values
